{"nm":"ã³ã³ã 1","ddd":0,"h":400,"w":400,"meta":{"g":"@lottiefiles/toolkit-js 0.33.2"},"layers":[{"ty":4,"nm":"ã·ã§ã¤ãã¬ã¤ã¤ã¼ 3","sr":1,"st":0,"op":150.000006109625,"ip":0,"hd":false,"ddd":0,"bm":0,"hasMask":false,"ao":0,"ks":{"a":{"a":0,"k":[0,0,0],"ix":1},"s":{"a":0,"k":[80,80,100],"ix":6},"sk":{"a":0,"k":0},"p":{"a":1,"k":[{"o":{"x":0.68,"y":0.11},"i":{"x":0.41,"y":0.92},"s":[200,200,0],"t":0,"ti":[0,0,0],"to":[0,5,0]},{"o":{"x":0.68,"y":0.11},"i":{"x":0.41,"y":0.92},"s":[200,230,0],"t":30,"ti":[0,5,0],"to":[0,0,0]},{"s":[200,200,0],"t":40.0000016292334}],"ix":2},"r":{"a":0,"k":0,"ix":10},"sa":{"a":0,"k":0},"o":{"a":0,"k":100,"ix":11}},"ef":[],"shapes":[{"ty":"gr","bm":0,"hd":false,"mn":"ADBE Vector Group","nm":"ã·ã§ã¤ã 1","ix":1,"cix":2,"np":2,"it":[{"ty":"sh","bm":0,"hd":false,"mn":"ADBE Vector Shape - Group","nm":"ãã¹ 1","ix":1,"d":1,"ks":{"a":0,"k":{"c":false,"i":[[0,0],[0,0],[0,0]],"o":[[0,0],[0,0],[0,0]],"v":[[-155,35],[1,191],[160,32]]},"ix":2}},{"ty":"st","bm":0,"hd":false,"mn":"ADBE Vector Graphic - Stroke","nm":"ç· 1","lc":1,"lj":1,"ml":4,"o":{"a":0,"k":100,"ix":4},"w":{"a":0,"k":32,"ix":5},"c":{"a":0,"k":[0,0.2,0.6275],"ix":3}},{"ty":"tr","a":{"a":0,"k":[0,0],"ix":1},"s":{"a":0,"k":[100,100],"ix":3},"sk":{"a":0,"k":0,"ix":4},"p":{"a":0,"k":[-1,-7],"ix":2},"r":{"a":0,"k":0,"ix":6},"sa":{"a":0,"k":0,"ix":5},"o":{"a":0,"k":100,"ix":7}}]},{"ty":"tm","bm":0,"hd":false,"mn":"ADBE Vector Filter - Trim","nm":"ãã¹ã®ããªãã³ã° 1","ix":2,"e":{"a":1,"k":[{"o":{"x":0.68,"y":0.11},"i":{"x":0.41,"y":0.92},"s":[100],"t":0},{"o":{"x":0.68,"y":0.11},"i":{"x":0.41,"y":0.92},"s":[90],"t":30},{"s":[100],"t":40.0000016292334}],"ix":2},"o":{"a":0,"k":0,"ix":3},"s":{"a":1,"k":[{"o":{"x":0.68,"y":0.11},"i":{"x":0.41,"y":0.92},"s":[0],"t":0},{"o":{"x":0.68,"y":0.11},"i":{"x":0.41,"y":0.92},"s":[10],"t":30},{"s":[0],"t":40.0000016292334}],"ix":1},"m":1}],"ind":1},{"ty":4,"nm":"ã·ã§ã¤ãã¬ã¤ã¤ã¼ 1","sr":1,"st":0,"op":150.000006109625,"ip":0,"hd":false,"ddd":0,"bm":0,"hasMask":false,"ao":0,"ks":{"a":{"a":0,"k":[0,0,0],"ix":1},"s":{"a":0,"k":[80,80,100],"ix":6},"sk":{"a":0,"k":0},"p":{"a":1,"k":[{"o":{"x":0.64,"y":0.08},"i":{"x":0.56,"y":0.98},"s":[200,200,0],"t":0,"ti":[0,0,0],"to":[0,5,0]},{"o":{"x":0.64,"y":0.08},"i":{"x":0.56,"y":0.98},"s":[200,230,0],"t":30,"ti":[0,5,0],"to":[0,0,0]},{"s":[200,200,0],"t":40.0000016292334}],"ix":2},"r":{"a":0,"k":0,"ix":10},"sa":{"a":0,"k":0},"o":{"a":0,"k":100,"ix":11}},"ef":[],"shapes":[{"ty":"sh","bm":0,"hd":false,"mn":"ADBE Vector Shape - Group","nm":"ãã¹ 1","ix":1,"d":1,"ks":{"a":0,"k":{"c":false,"i":[[0,0],[0,0]],"o":[[0,0],[0,0]],"v":[[-1.072,-213.75],[-1.072,185]]},"ix":2}},{"ty":"tm","bm":0,"hd":false,"mn":"ADBE Vector Filter - Trim","nm":"ãã¹ã®ããªãã³ã° 1","ix":2,"e":{"a":0,"k":100,"ix":2},"o":{"a":0,"k":0,"ix":3},"s":{"a":1,"k":[{"o":{"x":0.64,"y":0.08},"i":{"x":0.56,"y":0.98},"s":[0],"t":0},{"o":{"x":0.64,"y":0.08},"i":{"x":0.56,"y":0.98},"s":[100],"t":30},{"s":[0],"t":40.0000016292334}],"ix":1},"m":1},{"ty":"st","bm":0,"hd":false,"mn":"ADBE Vector Graphic - Stroke","nm":"ç· 1","lc":1,"lj":1,"ml":4,"o":{"a":0,"k":100,"ix":4},"w":{"a":0,"k":32,"ix":5},"c":{"a":0,"k":[0,0.2,0.6275],"ix":3}}],"ind":2}],"v":"5.2.1","fr":29.9700012207031,"op":40.0000016292334,"ip":0,"assets":[]}