{"nm":"Comp 1","ddd":0,"h":72,"w":72,"meta":{"g":"@lottiefiles/toolkit-js 0.33.2"},"layers":[{"ty":4,"nm":"Shape Layer 2","sr":1,"st":16,"op":141,"ip":16,"hd":false,"ddd":0,"bm":0,"hasMask":false,"ao":0,"ks":{"a":{"a":0,"k":[-18.125,9.25,0],"ix":1},"s":{"a":0,"k":[100,100,100],"ix":6},"sk":{"a":0,"k":0},"p":{"a":0,"k":[-0.125,17.5,0],"ix":2},"r":{"a":0,"k":0,"ix":10},"sa":{"a":0,"k":0},"o":{"a":0,"k":100,"ix":11}},"ef":[],"shapes":[{"ty":"sh","bm":0,"hd":false,"mn":"ADBE Vector Shape - Group","nm":"Path 1","ix":1,"d":1,"ks":{"a":0,"k":{"c":false,"i":[[0,0],[0,0],[0,0]],"o":[[0,0],[0,0],[0,0]],"v":[[-24.452,3.003],[-18.043,9.497],[-11.548,3.003]]},"ix":2}},{"ty":"tm","bm":0,"hd":false,"mn":"ADBE Vector Filter - Trim","nm":"Trim Paths 1","ix":2,"e":{"a":0,"k":0,"ix":2},"o":{"a":0,"k":0,"ix":3},"s":{"a":1,"k":[{"o":{"x":0.333,"y":0},"i":{"x":0,"y":1},"s":[0],"t":28},{"o":{"x":0.333,"y":0},"i":{"x":0,"y":1},"s":[100],"t":40},{"o":{"x":0.167,"y":0},"i":{"x":0.833,"y":1},"s":[100],"t":75},{"s":[0],"t":84}],"ix":1},"m":1},{"ty":"st","bm":0,"hd":false,"mn":"ADBE Vector Graphic - Stroke","nm":"Stroke 1","lc":1,"lj":1,"ml":4,"o":{"a":0,"k":100,"ix":4},"w":{"a":0,"k":2,"ix":5},"c":{"a":0,"k":[0.851,0.7882,0.6824],"ix":3}}],"ind":1,"parent":2},{"ty":4,"nm":"Shape Layer 1","sr":1,"st":16,"op":141,"ip":16,"hd":false,"ddd":0,"bm":0,"hasMask":false,"ao":0,"ks":{"a":{"a":0,"k":[0,0,0],"ix":1},"s":{"a":0,"k":[100,100,100],"ix":6},"sk":{"a":0,"k":0},"p":{"a":1,"k":[{"o":{"x":0.333,"y":0},"i":{"x":0.095,"y":1},"s":[36,36,0],"t":26,"ti":[0,0,0],"to":[0,1.33333337306976,0]},{"o":{"x":0.333,"y":0},"i":{"x":0.095,"y":1},"s":[36,44,0],"t":35.32,"ti":[0,0,0],"to":[0,0,0]},{"o":{"x":0.333,"y":0},"i":{"x":0.095,"y":1},"s":[36,36,0],"t":44.642,"ti":[0,0,0],"to":[0,0,0]},{"o":{"x":0.333,"y":0},"i":{"x":0.095,"y":1},"s":[36,44,0],"t":54.68,"ti":[0,1.33333337306976,0],"to":[0,0,0]},{"o":{"x":0.167,"y":0.167},"i":{"x":0.833,"y":0.833},"s":[36,36,0],"t":64,"ti":[0,0,0],"to":[0,0,0]},{"o":{"x":0.167,"y":0},"i":{"x":0.095,"y":1},"s":[36,36,0],"t":74,"ti":[0,-2.5,0],"to":[0,2.5,0]},{"s":[36,51,0],"t":84}],"ix":2},"r":{"a":0,"k":0,"ix":10},"sa":{"a":0,"k":0},"o":{"a":0,"k":100,"ix":11}},"ef":[],"shapes":[{"ty":"sh","bm":0,"hd":false,"mn":"ADBE Vector Shape - Group","nm":"Path 1","ix":1,"d":1,"ks":{"a":0,"k":{"c":false,"i":[[0,0],[0,0],[10.1,0],[0,0],[0,10.1],[0,0],[-10.1,0],[0,0],[9.064,-9.064],[0,-21.037],[0,0]],"o":[[0,0],[0,10.1],[0,0],[-10.1,0],[0,0],[0,-10.1],[0,0],[1.5,0],[-9.998,9.998],[0,0],[0,0]],"v":[[18.274,12.803],[18.287,14.213],[0,32.5],[0,32.5],[-18.287,14.213],[-18.287,-14.213],[-2.625,-32.5],[-1.625,-32.5],[-0.248,-18.745],[0.065,7.412],[0.006,16.626]]},"ix":2}},{"ty":"tm","bm":0,"hd":false,"mn":"ADBE Vector Filter - Trim","nm":"Trim Paths 1","ix":2,"e":{"a":1,"k":[{"o":{"x":0.333,"y":0},"i":{"x":0.163,"y":1},"s":[0],"t":16},{"o":{"x":0.333,"y":0},"i":{"x":0.163,"y":1},"s":[92],"t":40},{"o":{"x":0.167,"y":0},"i":{"x":0.833,"y":1},"s":[92],"t":76},{"s":[100],"t":84}],"ix":2},"o":{"a":0,"k":0,"ix":3},"s":{"a":1,"k":[{"o":{"x":0.333,"y":0},"i":{"x":0,"y":1},"s":[0],"t":16},{"o":{"x":0.333,"y":0},"i":{"x":0,"y":1},"s":[100],"t":28},{"o":{"x":0.333,"y":0},"i":{"x":0,"y":1},"s":[100],"t":40},{"s":[100],"t":76}],"ix":1},"m":1},{"ty":"st","bm":0,"hd":false,"mn":"ADBE Vector Graphic - Stroke","nm":"Stroke 1","lc":1,"lj":1,"ml":4,"o":{"a":0,"k":100,"ix":4},"w":{"a":0,"k":2,"ix":5},"c":{"a":0,"k":[0.851,0.7882,0.6824],"ix":3}}],"ind":2},{"ty":4,"nm":"Shape Layer 11","sr":1,"st":0,"op":246,"ip":84,"hd":false,"ddd":0,"bm":0,"hasMask":false,"ao":0,"ks":{"a":{"a":0,"k":[0,0,0],"ix":1},"s":{"a":0,"k":[100,100,100],"ix":6},"sk":{"a":0,"k":0},"p":{"a":0,"k":[36,36,0],"ix":2},"r":{"a":0,"k":0,"ix":10},"sa":{"a":0,"k":0},"o":{"a":0,"k":100,"ix":11}},"ef":[],"shapes":[{"ty":"sh","bm":0,"hd":false,"mn":"ADBE Vector Shape - Group","nm":"Path 1","ix":1,"d":1,"ks":{"a":0,"k":{"c":false,"i":[[0,0],[0,0],[10.1,0],[0,0],[0,10.1],[0,0],[-10.1,0],[0,0],[0,-10.1],[0,0]],"o":[[0,0],[0,10.1],[0,0],[-10.1,0],[0,0],[0,-10.1],[0,0],[10.1,0],[0,0],[0,0]],"v":[[18.324,4.428],[18.287,14.213],[0,32.5],[0,32.5],[-18.287,14.213],[-18.287,-14.213],[0,-32.5],[0,-32.5],[18.287,-14.213],[18.287,7.376]]},"ix":2}},{"ty":"tm","bm":0,"hd":false,"mn":"ADBE Vector Filter - Trim","nm":"Trim Paths 1","ix":2,"e":{"a":1,"k":[{"o":{"x":0.333,"y":0},"i":{"x":0.833,"y":1},"s":[0],"t":0},{"o":{"x":0.167,"y":0},"i":{"x":0.833,"y":1},"s":[61],"t":10},{"o":{"x":0.167,"y":0},"i":{"x":0.833,"y":1},"s":[100],"t":20},{"o":{"x":0.167,"y":0},"i":{"x":0.833,"y":1},"s":[0],"t":84},{"o":{"x":0.167,"y":0},"i":{"x":0.833,"y":1},"s":[66],"t":92},{"s":[100],"t":100}],"ix":2},"o":{"a":0,"k":68,"ix":3},"s":{"a":1,"k":[{"o":{"x":0.333,"y":0},"i":{"x":0.833,"y":1},"s":[0],"t":0},{"o":{"x":0.167,"y":0},"i":{"x":0.833,"y":1},"s":[79],"t":10},{"o":{"x":0.167,"y":0},"i":{"x":0.833,"y":1},"s":[100],"t":20},{"o":{"x":0.167,"y":0},"i":{"x":0.833,"y":1},"s":[0],"t":84},{"o":{"x":0.167,"y":0},"i":{"x":0.833,"y":1},"s":[33],"t":92},{"s":[100],"t":100}],"ix":1},"m":1},{"ty":"st","bm":0,"hd":false,"mn":"ADBE Vector Graphic - Stroke","nm":"Stroke 1","lc":1,"lj":1,"ml":4,"o":{"a":0,"k":100,"ix":4},"w":{"a":0,"k":2,"ix":5},"c":{"a":0,"k":[0.851,0.7882,0.6824],"ix":3}}],"ind":3},{"ty":4,"nm":"Shape Layer 5","sr":1,"st":0,"op":84,"ip":0,"hd":false,"ddd":0,"bm":0,"hasMask":false,"ao":0,"ks":{"a":{"a":0,"k":[0,0,0],"ix":1},"s":{"a":0,"k":[100,100,100],"ix":6},"sk":{"a":0,"k":0},"p":{"a":0,"k":[36,36,0],"ix":2},"r":{"a":0,"k":0,"ix":10},"sa":{"a":0,"k":0},"o":{"a":0,"k":100,"ix":11}},"ef":[],"shapes":[{"ty":"sh","bm":0,"hd":false,"mn":"ADBE Vector Shape - Group","nm":"Path 1","ix":1,"d":1,"ks":{"a":0,"k":{"c":false,"i":[[0,0],[0,0],[10.1,0],[0,0],[0,10.1],[0,0],[-10.1,0],[0,0],[0,-10.1],[0,0]],"o":[[0,0],[0,10.1],[0,0],[-10.1,0],[0,0],[0,-10.1],[0,0],[10.1,0],[0,0],[0,0]],"v":[[18.324,4.428],[18.287,14.213],[0,32.5],[0,32.5],[-18.287,14.213],[-18.287,-14.213],[0,-32.5],[0,-32.5],[18.287,-14.213],[18.287,7.376]]},"ix":2}},{"ty":"tm","bm":0,"hd":false,"mn":"ADBE Vector Filter - Trim","nm":"Trim Paths 1","ix":2,"e":{"a":1,"k":[{"o":{"x":0.333,"y":0},"i":{"x":0.833,"y":1},"s":[0],"t":0},{"o":{"x":0.167,"y":0},"i":{"x":0.833,"y":1},"s":[61],"t":10},{"o":{"x":0.167,"y":0},"i":{"x":0.833,"y":1},"s":[100],"t":20},{"o":{"x":0.167,"y":0},"i":{"x":0.833,"y":1},"s":[22],"t":84},{"s":[100],"t":101}],"ix":2},"o":{"a":0,"k":15,"ix":3},"s":{"a":1,"k":[{"o":{"x":0.333,"y":0},"i":{"x":0.833,"y":1},"s":[0],"t":0},{"o":{"x":0.167,"y":0},"i":{"x":0.833,"y":1},"s":[79],"t":10},{"o":{"x":0.167,"y":0},"i":{"x":0.833,"y":1},"s":[100],"t":20},{"o":{"x":0.167,"y":0},"i":{"x":0.833,"y":1},"s":[22],"t":84},{"o":{"x":0.167,"y":0},"i":{"x":0.833,"y":1},"s":[43],"t":93},{"s":[100],"t":101}],"ix":1},"m":1},{"ty":"st","bm":0,"hd":false,"mn":"ADBE Vector Graphic - Stroke","nm":"Stroke 1","lc":1,"lj":1,"ml":4,"o":{"a":0,"k":100,"ix":4},"w":{"a":0,"k":2,"ix":5},"c":{"a":0,"k":[0.851,0.7882,0.6824],"ix":3}}],"ind":4},{"ty":4,"nm":"Shape Layer 10","sr":1,"st":0,"op":246,"ip":77,"hd":false,"ddd":0,"bm":0,"hasMask":false,"ao":0,"ks":{"a":{"a":0,"k":[0,0,0],"ix":1},"s":{"a":0,"k":[100,100,100],"ix":6},"sk":{"a":0,"k":0},"p":{"a":0,"k":[36,36,0],"ix":2},"r":{"a":0,"k":0,"ix":10},"sa":{"a":0,"k":0},"o":{"a":0,"k":100,"ix":11}},"ef":[],"shapes":[{"ty":"sh","bm":0,"hd":false,"mn":"ADBE Vector Shape - Group","nm":"Path 1","ix":1,"d":1,"ks":{"a":0,"k":{"c":false,"i":[[0,0],[0,0],[10.1,0],[0,0],[0,10.1],[0,0],[-10.1,0],[0,0],[0,-10.1],[0,0]],"o":[[0,0],[0,10.1],[0,0],[-10.1,0],[0,0],[0,-10.1],[0,0],[10.1,0],[0,0],[0,0]],"v":[[18.324,4.428],[18.287,14.213],[0,32.5],[0,32.5],[-18.287,14.213],[-18.287,-14.213],[0,-32.5],[0,-32.5],[18.287,-14.213],[18.287,7.376]]},"ix":2}},{"ty":"tm","bm":0,"hd":false,"mn":"ADBE Vector Filter - Trim","nm":"Trim Paths 1","ix":2,"e":{"a":1,"k":[{"o":{"x":0.167,"y":0.167},"i":{"x":0.833,"y":0.833},"s":[0],"t":84},{"o":{"x":0.167,"y":0.167},"i":{"x":0.833,"y":0.833},"s":[4],"t":85},{"o":{"x":0.167,"y":0.167},"i":{"x":0.833,"y":0.833},"s":[11.733],"t":87},{"s":[100],"t":100}],"ix":2},"o":{"a":0,"k":72,"ix":3},"s":{"a":0,"k":100,"ix":1},"m":1},{"ty":"st","bm":0,"hd":false,"mn":"ADBE Vector Graphic - Stroke","nm":"Stroke 1","lc":1,"lj":1,"ml":4,"o":{"a":0,"k":100,"ix":4},"w":{"a":0,"k":2,"ix":5},"c":{"a":0,"k":[1,1,1],"ix":3}}],"ind":5},{"ty":4,"nm":"Shape Layer 3","sr":1,"st":0,"op":77,"ip":0,"hd":false,"ddd":0,"bm":0,"hasMask":false,"ao":0,"ks":{"a":{"a":0,"k":[0,0,0],"ix":1},"s":{"a":0,"k":[100,100,100],"ix":6},"sk":{"a":0,"k":0},"p":{"a":0,"k":[36,36,0],"ix":2},"r":{"a":0,"k":0,"ix":10},"sa":{"a":0,"k":0},"o":{"a":0,"k":100,"ix":11}},"ef":[],"shapes":[{"ty":"sh","bm":0,"hd":false,"mn":"ADBE Vector Shape - Group","nm":"Path 1","ix":1,"d":1,"ks":{"a":0,"k":{"c":false,"i":[[0,0],[0,0],[10.1,0],[0,0],[0,10.1],[0,0],[-10.1,0],[0,0],[0,-10.1],[0,0]],"o":[[0,0],[0,10.1],[0,0],[-10.1,0],[0,0],[0,-10.1],[0,0],[10.1,0],[0,0],[0,0]],"v":[[18.324,4.428],[18.287,14.213],[0,32.5],[0,32.5],[-18.287,14.213],[-18.287,-14.213],[0,-32.5],[0,-32.5],[18.287,-14.213],[18.287,7.376]]},"ix":2}},{"ty":"tm","bm":0,"hd":false,"mn":"ADBE Vector Filter - Trim","nm":"Trim Paths 1","ix":2,"e":{"a":0,"k":0,"ix":2},"o":{"a":0,"k":0,"ix":3},"s":{"a":1,"k":[{"o":{"x":0.285,"y":0},"i":{"x":0.571,"y":0.701},"s":[0],"t":0},{"o":{"x":0.321,"y":0.735},"i":{"x":0.653,"y":-0.076},"s":[81.341],"t":13},{"o":{"x":0.327,"y":0.479},"i":{"x":0.66,"y":0.185},"s":[85.14],"t":15},{"o":{"x":0.327,"y":0.292},"i":{"x":0.661,"y":1},"s":[89.17],"t":16},{"s":[100],"t":17}],"ix":1},"m":1},{"ty":"st","bm":0,"hd":false,"mn":"ADBE Vector Graphic - Stroke","nm":"Stroke 1","lc":1,"lj":1,"ml":4,"o":{"a":0,"k":100,"ix":4},"w":{"a":0,"k":2,"ix":5},"c":{"a":0,"k":[1,1,1],"ix":3}}],"ind":6}],"v":"5.3.4","fr":25,"op":134,"ip":0,"assets":[]}